City,State
Algiers,Louisiana
Bayou Sara,Louisiana
Port Gibson,Mississippi
Eunice,Arkansas
Chico,Arkansas
Helena,Arkansas
Gayoso,Missouri
Belmont,Missouri
Fillmore City,Kentucky
Mound City,Illinois
Grand Tower,Illinois
Perry,Missouri
Louisiana,Missouri
Pike,Illinois
Quincy,Illinois
West Quincy,Missouri
Monticello,Missouri
Warsaw,Illinois
Keokuk,Missouri
Farmington,Iowa
Lomux,Illinois
East Burlington,Illinois
Oquawka,Illinois
North Boston,Illinois
Keithsburg,Illinois
Muscatone,Illinois
Eldridge,Iowa
Fulton,Illinois
Clinton,Iowa
Sabula,Iowa
Dunleith,Illinois
Turkey River,Iowa
Prarie Duchien,Iowa
La Crescent,Minnesota
La Crosse,Wisconsin
Winona,Wisconsin
Eastmoor,Wisconsin
Winona,Minnesota
Alma,Wisconsin
Red Wing,Minnesota
Hastings,Minnesota
St. Cloud,Minnesota
